run_name,f1_micro,f1_macro,accuracy
run4,0.8134328358208955,0.8009025832555245,81.34328358208955
